book_name,book_link,author_name,author_profile,price
15 Kahaniyan,http://www.libertybooks.com/urdu-books/15-kahaniyan-9789693528527?limit=100,By: Mustansar Hussain Tarar,,"Ex Tax:Rs 1,400.00"
Aablay,http://www.libertybooks.com/urdu-books/Aablay-28158?limit=100,By: Ahmed Nadeem Qasmi,,Ex Tax:Rs 700.00
Aagay Samunder Hai,http://www.libertybooks.com/urdu-books/aagay-samunder-hai-9789693506167?limit=100,By: Intizar Hussain,,Ex Tax:Rs 700.00
Aaj ki Shehrzaad,http://www.libertybooks.com/urdu-books/Aaj-ki-Shehrzaad-34498?limit=100,By: Bushra Ijaz,,Ex Tax:Rs 412.50
Aaks,http://www.libertybooks.com/urdu-books/aaks-9789693524277?limit=100,By: Amjad Islam Amjad,,Ex Tax:Rs 240.00
Aasan Kuliyat-e-Iqbal ,http://www.libertybooks.com/urdu-books/aasan-kuliyat-e-iqbal-9799695160007?limit=100,By: Allama Mohammad Iqbal,,Ex Tax:Rs 995.00
Abdullah Novel Part # 2,http://www.libertybooks.com/urdu-books/abdullah-novel-part-2-9789695731741?limit=100,By: Hashim Nadeem,,Ex Tax:Rs 750.00
ADH,http://www.libertybooks.com/urdu-books/ADH-27519?limit=100,By: MAZHAR TIRMAZI,,Ex Tax:Rs 350.00
Adhoori Kuliyaat,http://www.libertybooks.com/urdu-books/Adhoori-Kuliyaat-28086?limit=100,By: Asghar Nadeem Syed,,Ex Tax:Rs 450.00
Afkar Husn,http://www.libertybooks.com/urdu-books/afkar-husn-1000000007285?limit=100,By: Noshaba Siddiqui,,Ex Tax:Rs 200.00
Aik Aankh Main America,http://www.libertybooks.com/urdu-books/Aik-Aankh-Main-America-3621?limit=100,By: Farooq Adil,,Ex Tax:Rs 250.00
Aik Muhabbat Aur Sahi ,http://www.libertybooks.com/urdu-books/aik-muhabbat-aur-sahi?limit=100,By: Hashim Nadeem,,Ex Tax:Rs 900.00
Aisi Chonch Ka Kaya Kartay,http://www.libertybooks.com/urdu-books/aisi-chonch-ka-kaya-kartay?limit=100,By: Amra Alam,,Ex Tax:Rs 170.00
Aiwan Iqtidaar Kay Mashahdat,http://www.libertybooks.com/urdu-books/Aiwan-Iqtidaar-Kay-Mashahdat-28150?limit=100,By: Gohar Ayub Khan,,Ex Tax:Rs 990.00
Al Badeei,http://www.libertybooks.com/urdu-books/Al-Badeei-3949?limit=100,By: Syed Abid Ali Abid,,Ex Tax:Rs 337.50
Al Meezan ya ChirageRaah,http://www.libertybooks.com/urdu-books/Al-Meezan-ya-ChirageRaah-34328?limit=100,By: M. Fatah ullah Golan,,Ex Tax:Rs 200.00
Alaow,http://www.libertybooks.com/urdu-books/Alaow-28557?limit=100,By: Hameed,,Ex Tax:Rs 360.00
Ali Baba Chaalees Chor: Bachchon Ki Alaf Laila illustrated,http://www.libertybooks.com/urdu-books/ali-baba-chaalees-chor:-bachchon-ki-alaf-laila-illustrated-28251?limit=100,By: Muhammad Saleem ur Rehman,,Ex Tax:Rs 150.00
America Ki Bad Ehdi:Afghanistan Pakistan aur Wasti Asia main Intishar,http://www.libertybooks.com/urdu-books/america-ki-bad-ehdiafghanistan-pakistan-aur-wasti-asia-main-intishar-9789694025315?limit=100,By: Ahmed Rashid,,Ex Tax:Rs 995.00
Andar Ooper ,http://www.libertybooks.com/urdu-books?product_id=25729&limit=100,By: Rakhshi Niyazi,,Ex Tax:Rs 215.00
Andhera,http://www.libertybooks.com/urdu-books/Andhera-28502?limit=100,By: Amra Alam,,Ex Tax:Rs 170.00
Anjam E Baharan,http://www.libertybooks.com/urdu-books/Anjam-E-Baharan-28210?limit=100,By: N/A,,Ex Tax:Rs 337.50
Anjuman Taraqi Pasand Musnafeen,http://www.libertybooks.com/urdu-books/Anjuman-Taraqi-Pasand-Musnafeen-33995?limit=100,By: Sardar Jafri,,Ex Tax:Rs 175.00
Asaan Islam Maa Sirat UN Nabi SAW,http://www.libertybooks.com/urdu-books/Asaan-Islam-Maa-Sirat-UN-Nabi-SAW-27527?limit=100,By: Hafiz Abdul Rauf,,Ex Tax:Rs 499.00
Aur Drame ,http://www.libertybooks.com/urdu-books/Aur-Drame-28321?limit=100,By: Ashfaq Ahmed,,"Ex Tax:Rs 1,100.00"
Aurat Mard Ka Rishta,http://www.libertybooks.com/urdu-books/aurat-mard-ka-rishta-9789693523461?limit=100,By: Kishwar Naheed,,Ex Tax:Rs 700.00
Baba Sahiba,http://www.libertybooks.com/urdu-books/baba-sahiba-9789693521726?limit=100,By: Ashfaq Ahmed,,"Ex Tax:Rs 2,800.00"
BageDara  ,http://www.libertybooks.com/urdu-books/BageDara-26756?limit=100,By: Allama Mohammad Iqbal,,Ex Tax:Rs 795.00
Balochistan TareekhoSiyasat Or Hasas MahaleWaqoo,http://www.libertybooks.com/urdu-books/Balochistan-TareekhoSiyasat-Or-Hasas-MahaleWaqoo-33943?limit=100,By: Unknown,,Ex Tax:Rs 296.25
Baraf,http://www.libertybooks.com/urdu-books/Baraf-3517?limit=100,By: M.Ilyas Khan,,Ex Tax:Rs 675.00
Baray Jab Chotay Thay,http://www.libertybooks.com/urdu-books?product_id=28513&limit=100,By: Sami Mustafa,,Ex Tax:Rs 195.00
Baryab,http://www.libertybooks.com/urdu-books/baryab-9789694964256?limit=100,By: Dr Tahir Masood,,Ex Tax:Rs 100.00
Baysamar Pairon Ki Khwahish,http://www.libertybooks.com/urdu-books/Baysamar-Pairon-Ki-Khwahish-28295?limit=100,By: Yasmeen,,Ex Tax:Rs 525.00
Bazgasht  -,http://www.libertybooks.com/urdu-books/bazgasht-9789693500868?limit=100,By: Bano Qudsia,,Ex Tax:Rs 575.00
Biloongra  - (PB),http://www.libertybooks.com/urdu-books/biloongra-(pb)?limit=100,By: Alezeh Rauf,,Ex Tax:Rs 325.00
Bismaa,http://www.libertybooks.com/urdu-books/Bismaa-20903?limit=100,By: Razia Butt,,Ex Tax:Rs 800.00
Burj Hamal Kaya Hoga,http://www.libertybooks.com/urdu-books/Burj-Hamal-Kaya-Hoga-33658?limit=100,By: Pro Shuja Aqeel,,Ex Tax:Rs 82.50
Burj Jadi Kaya Hoga,http://www.libertybooks.com/urdu-books/Burj-Jadi-Kaya-Hoga-28646?limit=100,By: Pro Shuja Aqeel,,Ex Tax:Rs 82.50
Burj Sour Kaya Hoga,http://www.libertybooks.com/urdu-books/Burj-Sour-Kaya-Hoga-28651?limit=100,By: Pro Shuja Aqeel,,Ex Tax:Rs 82.50
Cerfew ,http://www.libertybooks.com/urdu-books/Cerfew-28280?limit=100,By: N/A,,Ex Tax:Rs 435.00
Chaand Gahan,http://www.libertybooks.com/urdu-books/Chaand-Gahan-3918?limit=100,By: Intezar Hussain,,Ex Tax:Rs 375.00
Chalo Dekhtay hain,http://www.libertybooks.com/urdu-books/Chalo-Dekhtay-hain-28317?limit=100,By: Amra Alam,,Ex Tax:Rs 170.00
Chashmudin,http://www.libertybooks.com/urdu-books/Chashmudin-28345?limit=100,By: Sarah Ali Zaidi,,Ex Tax:Rs 145.00
Chef Shazia Gosht Kay Pakwan ,http://www.libertybooks.com/urdu-books/Chef-Shazia-Gosht-Kay-Pakwan-28618?limit=100,By: N/A,,Ex Tax:Rs 550.00
Chhota keera ,http://www.libertybooks.com/urdu-books/Chhota-keera-28505?limit=100,By: Yasmeen Zaidi,,Ex Tax:Rs 170.00
Chhoti Chhoti Kaali Kaali Machhliyaan,http://www.libertybooks.com/urdu-books/Chhoti-Chhoti-Kaali-Kaali-Machhliyaan-28416?limit=100,By: Kashifa Samad,,Ex Tax:Rs 170.00
Choband,http://www.libertybooks.com/urdu-books/Choband-33793?limit=100,By: Syed Irfan Ali Shah,,Ex Tax:Rs 127.50
Choon Choon Karti Ayee Chirya,http://www.libertybooks.com/urdu-books/Choon-Choon-Karti-Ayee-Chirya-28364?limit=100,By: Nishat Naqvi,,Ex Tax:Rs 170.00
Choti Behan Ka Pgala Bahi,http://www.libertybooks.com/urdu-books/choti-behan-ka-pgala-bahi?limit=100,By: Anayat Ulallah,,Ex Tax:Rs 135.00
Dalda Cook Book Urdu Edition ,http://www.libertybooks.com/urdu-books/dalda-cook-book-urdu-edition-1000000000600?limit=100,By: Perin Narayan,,"Ex Tax:Rs 1,395.00"
DashteWafa,http://www.libertybooks.com/urdu-books/dashtewafa-9789693523218?limit=100,By: Ahmed Nadeem Qasmi,,"Ex Tax:Rs 1,400.00"
Deyo Saai,http://www.libertybooks.com/urdu-books/deyo-saai-9789693513776?limit=100,By: Mustansar Hussain Tarar,,Ex Tax:Rs 600.00
Dhondo Gay Agar Mulkon Mulkon,http://www.libertybooks.com/urdu-books/Dhondo-Gay-Agar-Mulkon-Mulkon-33363?limit=100,By: Zohra Manzoor Illahi,,Ex Tax:Rs 375.00
Dil Nay Mere Kuch Tum Say Kaha Hai,http://www.libertybooks.com/urdu-books/dil-nay-mere-kuch-tum-say-kaha-hai-1000000004105?limit=100,By: Sarwar Sultana,,Ex Tax:Rs 200.00
Din Aur Dastan,http://www.libertybooks.com/urdu-books/Din-Aur-Dastan-3504?limit=100,By: Intezar Hussain,,Ex Tax:Rs 300.00
Drowna Daar,http://www.libertybooks.com/urdu-books/Drowna-Daar-28508?limit=100,By: Amra Alam,,Ex Tax:Rs 145.00
Faiz Kay Aas Pass,http://www.libertybooks.com/urdu-books/Faiz-Kay-Aas-Pass-34048?limit=100,By: Abdul Rauf Malik,,Ex Tax:Rs 300.00
Fatima Gul Akhir Mayra Kasor Kia -,http://www.libertybooks.com/urdu-books/Fatima-Gul-Akhir-Mayra-Kasor-Kia---28147?limit=100,By: N/A,,Ex Tax:Rs 187.50
Ferozul Lughat Pocket,http://www.libertybooks.com/urdu-books/Ferozul-Lughat-Pocket-26996?limit=100,By: Ferozesons,,Ex Tax:Rs 250.00
Folklore ki Pehli Kitab,http://www.libertybooks.com/urdu-books/Folklore-ki-Pehli-Kitab-34057?limit=100,By: Mazhar Ul Islam,,Ex Tax:Rs 390.00
Footpath Ki Ghaas,http://www.libertybooks.com/urdu-books/Footpath-Ki-Ghaas-3854?limit=100,By: Bano Qudsia,,"Ex Tax:Rs 2,200.00"
GarhaeNeem Baz Aur Dosray Darame,http://www.libertybooks.com/urdu-books/GarhaeNeem-Baz-Aur-Dosray-Darame-19979?limit=100,By: Agha Nasir,,Ex Tax:Rs 720.00
Ghalib Shaaur Aur Lashaaur Ka Shaair ,http://www.libertybooks.com/urdu-books/ghalib-shaaur-aur-lashaaur-ka-shaair-9789693527476?limit=100,By: Dr. Saleem Akhtar,,Ex Tax:Rs 525.00
Ghaza Pai Kia Guzri,http://www.libertybooks.com/urdu-books/Ghaza-Pai-Kia-Guzri-34502?limit=100,By: Mufti Mohammad Waseem Akram Qadri,,Ex Tax:Rs 157.50
Ghussy Ki Nai Fasal ,http://www.libertybooks.com/urdu-books/ghussy-ki-nai-fasal?limit=100,By: Asad Muhammad Khan,,Ex Tax:Rs 299.00
Girgit Kahan Hai,http://www.libertybooks.com/urdu-books/girgit-kahan-hai-9698556397?limit=100,By: Atiya Naqvi,,Ex Tax:Rs 170.00
GMS Al Biruni,http://www.libertybooks.com/urdu-books/gms-al-biruni?limit=100,By: SHARIFUDDIN,,Ex Tax:Rs 195.00
Gumshudah Yadon Ki Wapsi,http://www.libertybooks.com/urdu-books/gumshudah-yadon-ki-wapsi-9789693525441?limit=100,By: Kishwar Naheed,,Ex Tax:Rs 700.00
Gurria Ki Aannkh Say Shehr Ko Dekho,http://www.libertybooks.com/urdu-books/Gurria-Ki-Aannkh-Say-Shehr-Ko-Dekho-3594?limit=100,By: Mazhar Ul Islam,,Ex Tax:Rs 228.00
Hasil ,http://www.libertybooks.com/urdu-books/hasil-(hb)?limit=100,By: Umera Ahmad,,Ex Tax:Rs 800.00
Hatim Tai Israel Main ,http://www.libertybooks.com/urdu-books/Hatim-Tai-Israel-Main-26963?limit=100,By: Unknown,,Ex Tax:Rs 195.00
Hazrat Mian Mohammad Bakhsh RA,http://www.libertybooks.com/urdu-books/hazrat-mian-mohammad-bakhsh-ra-9789699396212?limit=100,By: Prof. Hameed Ullah Hashmi,,Ex Tax:Rs 360.00
Hikayat Rumi ,http://www.libertybooks.com/urdu-books/hikayat-rumi-9789690005366?limit=100,By: Maqbool Jahangir,,Ex Tax:Rs 250.00
Hindu Classical Dictionary,http://www.libertybooks.com/urdu-books/Hindu-Classical-Dictionary-3547?limit=100,By: Sardar Devi Sahaay,,Ex Tax:Rs 675.00
Hindu Sehawniyat,http://www.libertybooks.com/urdu-books/Hindu-Sehawniyat-34323?limit=100,By: Zeed Hamid,,Ex Tax:Rs 150.00
Hra Usman Ghani k Halaa e Zindagi,http://www.libertybooks.com/urdu-books/hra-usman-ghani-k-halaa-e-zindagi?limit=100,By: Zakia Jahangir,,Ex Tax:Rs 200.00
Hum Sub Umeed Say Hain,http://www.libertybooks.com/urdu-books/Hum-Sub-Umeed-Say-Hain-26736?limit=100,By: Muhammad Yunus Bat,,Ex Tax:Rs 300.00
Hum Tujhay Zindgi Banaye Gay,http://www.libertybooks.com/urdu-books/Hum-Tujhay-Zindgi-Banaye-Gay-33310?limit=100,By: N/A,,Ex Tax:Rs 175.00
Humain Charaagh Humain Parwanay,http://www.libertybooks.com/urdu-books/Humain-Charaagh-Humain-Parwanay-3572?limit=100,By: Qurratulain Hyder,,Ex Tax:Rs 900.00
Iman Umeed Aur Muhabbat,http://www.libertybooks.com/urdu-books/iman-umeed-aur-muhabbat?limit=100,By: Umera Ahmad,,Ex Tax:Rs 600.00
Iman Umeed Aur Muhabbat,http://www.libertybooks.com/urdu-books/iman-umeed-aur-muhabbat-1?limit=100,By: Umera Ahmad,,Ex Tax:Rs 400.00
Insan aur Devta,http://www.libertybooks.com/urdu-books/Insan-aur-Devta-3328?limit=100,By: Naseem Hijazi,,Ex Tax:Rs 899.00
Insani Ismagling,http://www.libertybooks.com/urdu-books/Insani-Ismagling-33844?limit=100,By: Joelia Meranan    ,,Ex Tax:Rs 480.00
Intkhab PiyameMashriq,http://www.libertybooks.com/urdu-books/intkhab-piyamemashriq-9789693524680?limit=100,By: Faiz Ahmed Faiz,,"Ex Tax:Rs 1,200.00"
Iqbal  MamdoohEAalam,http://www.libertybooks.com/urdu-books/iqbal-mamdooheaalam-9789693526790?limit=100,By: Dr. Saleem Akhtar,,Ex Tax:Rs 900.00
Israel Mein Yahoodi Bunyad Parasti Urdu Edition,http://www.libertybooks.com/urdu-books/Israel-Mein-Yahoodi-Bunyad-Parasti-Urdu-Edition-28232?limit=100,By: N/A,,Ex Tax:Rs 187.50
Jaal,http://www.libertybooks.com/urdu-books/Jaal-28361?limit=100,By: Farzeen Fahim,,Ex Tax:Rs 170.00
JADEED DAUR KAY MASAIL AUR UNKA HALL,http://www.libertybooks.com/urdu-books/jadeed-daur-kay-masail-aur-unka-hall-28270?limit=100,By: Dr. Liaqat Alikhan Niazi,,Ex Tax:Rs 600.00
Jal Pari Kay Dais Main ,http://www.libertybooks.com/urdu-books/Jal-Pari-Kay-Dais-Main-34500?limit=100,By: Jameel Yousuf,,Ex Tax:Rs 187.50
Jalebian,http://www.libertybooks.com/urdu-books/Jalebian-28450?limit=100,By: Book Group,,Ex Tax:Rs 485.00
Jalib Jalib,http://www.libertybooks.com/urdu-books/Jalib-Jalib-28536?limit=100,By: Mujahid Beralvi,,Ex Tax:Rs 280.00
Jama Ishariya MazameeneQuran,http://www.libertybooks.com/urdu-books/Jama-Ishariya-MazameeneQuran-34319?limit=100,By: Dr Athar Muhammad Ashraf,,"Ex Tax:Rs 1,950.00"
Jameela,http://www.libertybooks.com/urdu-books/Jameela-28209?limit=100,By: Orhan Kamal,,Ex Tax:Rs 187.50
Jannat Kay Pattay - (HB),http://www.libertybooks.com/urdu-books/jannat-kay-pattay-hb-1000000011353?limit=100,By: Nimra ahmed,,"Ex Tax:Rs 2,200.00"
Jhoot Moot Ki Kahani,http://www.libertybooks.com/urdu-books/Jhoot-Moot-Ki-Kahani-28512?limit=100,By: Taymur Mustafa,,Ex Tax:Rs 170.00
Jhootay Roop Kay Darshan,http://www.libertybooks.com/urdu-books/jhootay-roop-kay-darshan-9789695733349?limit=100,By: Raja Anwar,,Ex Tax:Rs 400.00
Jinhe Jurm Ishq Pe Naaz Tha,http://www.libertybooks.com/urdu-books/Jinhe-Jurm-Ishq-Pe-Naaz-Tha-33306?limit=100,By: Dr. Salah Udin Haider,,Ex Tax:Rs 562.50
Kafena,http://www.libertybooks.com/urdu-books/Kafena-16614?limit=100,By: Parveen Shakir,,"Ex Tax:Rs 1,099.00"
KAHAY FAQIR: FREE DVD INSIDE (HB),http://www.libertybooks.com/urdu-books/kahay-faqir:-free-dvd-inside-(hb)?limit=100,By: Sarfaraz A Shah,,Ex Tax:Rs 899.00
Kalam Faiz Bakht Faiz Maray Dil Maray Musafir ,http://www.libertybooks.com/urdu-books/kalam-faiz-bakht-faiz-maray-dil-maray-musafir-9789693523959?limit=100,By: Iftikhar Arif,,Ex Tax:Rs 800.00
Kaneez,http://www.libertybooks.com/urdu-books/Kaneez-28156?limit=100,By: Gül irepoglu,,Ex Tax:Rs 292.50
Karway Badam ,http://www.libertybooks.com/urdu-books/Karway-Badam-26990?limit=100,By: Dr Ahad Shah,,Ex Tax:Rs 150.00
Kashafe Zaat Ki Arzoo Ka Saheir Urdu,http://www.libertybooks.com/urdu-books/Kashafe-Zaat-Ki-Arzoo-Ka-Saheir-Urdu-28661?limit=100,By: Tariq Habib,,Ex Tax:Rs 275.00
Khail Khail Main,http://www.libertybooks.com/urdu-books?product_id=28401&limit=100,By: Rakhshi Niyazi,,Ex Tax:Rs 195.00
KhakameBadhan ,http://www.libertybooks.com/urdu-books/KhakameBadhan-34045?limit=100,By: Mushtaq Ahmed Yusufi,,Ex Tax:Rs 995.00
Khali Bhari Kiab    ,http://www.libertybooks.com/urdu-books/Khali-Bhari-Kiab-28337?limit=100,By: Sami Mustafa,,Ex Tax:Rs 215.00
Khali Botlain Khali Dabbay ,http://www.libertybooks.com/urdu-books/Khali-Botlain-Khali-Dabbay-27280?limit=100,By: N/A,,Ex Tax:Rs 300.00
Khana Badosh,http://www.libertybooks.com/urdu-books/khana-badosh-9789693516869?limit=100,By: MUSTANSAR HUSSAIN TARAR,,Ex Tax:Rs 795.00
Khara Sach,http://www.libertybooks.com/urdu-books/Khara-Sach-19664?limit=100,By: Mubashir Luqman,,Ex Tax:Rs 367.50
KhawabonKay Rang,http://www.libertybooks.com/urdu-books/KhawabonKay-Rang-28591?limit=100,By: Salma Aiwan,,Ex Tax:Rs 243.75
Khoon Ki Payaas,http://www.libertybooks.com/urdu-books/Khoon-Ki-Payaas-3619?limit=100,By: D.Inam ul Haq Jawed,,Ex Tax:Rs 112.50
Khuskhubian,http://www.libertybooks.com/urdu-books/Khuskhubian-3872?limit=100,By: Dr Tahir Masood,,Ex Tax:Rs 275.00
Kishmish,http://www.libertybooks.com/urdu-books/Kishmish-28367?limit=100,By: Sami Mustafa,,Ex Tax:Rs 170.00
Kishwar Nahheed Ki Note Book,http://www.libertybooks.com/urdu-books/kishwar-nahheed-ki-note-book-9789693527321?limit=100,By: Kishwar Naheed,,Ex Tax:Rs 240.00
Kitaabein Bolti Hain ,http://www.libertybooks.com/urdu-books/kitaabein-bolti-hain-9789696620105?limit=100,By: Raza ul Haq Siddiqui,,Ex Tax:Rs 450.00
KITAB-E-DIL-O-DUNYA,http://www.libertybooks.com/urdu-books/kitab-e-dil-o-dunya-9789694190280?limit=100,By: Iftikhar Arif,,"Ex Tax:Rs 1,800.00"
KitabeMuntashir,http://www.libertybooks.com/urdu-books/kitabemuntashir-28090?limit=100,By: Musadiq Sanwal,,Ex Tax:Rs 537.00
Kitchen,http://www.libertybooks.com/urdu-books/kitchen-1000000011007?limit=100,By: Khurram Sohail,,Ex Tax:Rs 225.00
Koi Din Aur,http://www.libertybooks.com/urdu-books/koi-din-aur-9789693526004?limit=100,By: Amjad Islam Amjad,,Ex Tax:Rs 900.00
Kokab Cook Book No 3 Fried Dishes,http://www.libertybooks.com/urdu-books/Kokab-Cook-Book-No-3-Fried-Dishes-25810?limit=100,By: Kamila Sabzwari,,Ex Tax:Rs 150.00
Kone Bany Ga Caror Pati?,http://www.libertybooks.com/urdu-books/kone-bany-ga-caror-pati-3937?limit=100,By: Aqeel Abasi Jafri,,Ex Tax:Rs 210.00
Kuch Rang Hai Malal Ka,http://www.libertybooks.com/urdu-books/Kuch-Rang-Hai-Malal-Ka-22362?limit=100,By: Faiza Iftikhar,,Ex Tax:Rs 150.00
Kuch Yaadein Kuch Batein,http://www.libertybooks.com/urdu-books/Kuch-Yaadein-Kuch-Batein-3347?limit=100,By: Azra Aftab Khan,,Ex Tax:Rs 210.00
Kuliyat-e-Iqbal,http://www.libertybooks.com/urdu-books/Kuliyat-e-Iqbal-26733?limit=100,By: Liberty Books,,Ex Tax:Rs 995.00
La Hasil,http://www.libertybooks.com/urdu-books/la-hasil-1000000011358?limit=100,By: Umera Ahmad,,Ex Tax:Rs 800.00
LAA TANQEED,http://www.libertybooks.com/urdu-books/laa-tanqeed-33645?limit=100,By: ZAFAR IQBAL,,Ex Tax:Rs 900.00
Lafzon Main Tasweerain,http://www.libertybooks.com/urdu-books/Lafzon-Main-Tasweerain-28348?limit=100,By: Deputy Nazir Ahmed,,Ex Tax:Rs 596.25
Lahore Say Yarqand,http://www.libertybooks.com/urdu-books/Lahore-Say-Yarqand-28099?limit=100,By: Mustansar Hussain Tarar,,Ex Tax:Rs 990.00
Lawa,http://www.libertybooks.com/urdu-books/Lawa-28641?limit=100,By: Javed Akhtar,,Ex Tax:Rs 895.00
LoheeKhak,http://www.libertybooks.com/urdu-books/LoheeKhak-28124?limit=100,By: Ahmed Nadeem Qasmi,,Ex Tax:Rs 600.00
Loud Speaker,http://www.libertybooks.com/urdu-books/Loud-Speaker-20861?limit=100,By: Dr.Aamir Liaquat Hussain,,Ex Tax:Rs 300.00
Maa Jee -,http://www.libertybooks.com/urdu-books/Maa-Jee---26614?limit=100,By: Qudrat Ullah Shahab,,Ex Tax:Rs 500.00
Maan Maiwaal,http://www.libertybooks.com/urdu-books/maan-maiwaal-9789693524345?limit=100,By: Abdaal Baila,,Ex Tax:Rs 270.00
Machhli ko terna achha lagta ha ,http://www.libertybooks.com/urdu-books/machhli-ko-terna-achha-lagta-ha-9789695501689?limit=100,By: FAQRI,,Ex Tax:Rs 170.00
Madaar,http://www.libertybooks.com/urdu-books/Madaar-27508?limit=100,By: Sheen Farrukh,,Ex Tax:Rs 525.00
MahaheNeem Shab,http://www.libertybooks.com/urdu-books/MahaheNeem-Shab-3942?limit=100,By: Rizwana Anwer,,Ex Tax:Rs 150.00
Mahay Ramzan Kay Fazail Aur Masahil,http://www.libertybooks.com/urdu-books/Mahay-Ramzan-Kay-Fazail-Aur-Masahil-34068?limit=100,By: Azam Gilani,,Ex Tax:Rs 190.00
Main Aap Aur Woh,http://www.libertybooks.com/urdu-books/Main-Aap-Aur-Woh-3601?limit=100,By: Mazhar Ul Islam,,Ex Tax:Rs 262.50
MAIZ KAY NEECHAY,http://www.libertybooks.com/urdu-books/MAIZ-KAY-NEECHAY-25747?limit=100,By: Rakhshi Niyazi,,Ex Tax:Rs 195.00
Majmua Balwant Singh Green,http://www.libertybooks.com/urdu-books/Majmua-Balwant-Singh-Green-27538?limit=100,By: Jameel Akhtar,,"Ex Tax:Rs 1,350.00"
"MAJMUA SHAFIQ UR REHMAN: KIRNAY, SHAGOFEY, LAHREY, MADDOJAZA","http://www.libertybooks.com/urdu-books/majmua-shafiq-ur-rehman:-kirnay,-shagofey,-lahrey,-maddojaza?limit=100",By: Shafiq-ur-Rahman,,"Ex Tax:Rs 2,200.00"
Manay Na Manay,http://www.libertybooks.com/urdu-books/manay-na-manay-1000000010320?limit=100,By: Dale Carnegie,,Ex Tax:Rs 400.00
Mann Deepak,http://www.libertybooks.com/urdu-books/Mann-Deepak-28122?limit=100,By: DR TAHIR SAEED HAROON,,Ex Tax:Rs 240.00
Manto Dramay,http://www.libertybooks.com/urdu-books/Manto-Dramay-3840?limit=100,By: Sadaat Hassan Manto,,"Ex Tax:Rs 1,200.00"
Manto Nama,http://www.libertybooks.com/urdu-books/manto-nama-9789693506099?limit=100,By: Sadaat Hassan Manto,,"Ex Tax:Rs 2,600.00"
Manzar Passeghubaar,http://www.libertybooks.com/urdu-books/Manzar-Passeghubaar-28119?limit=100,By: N/A,,Ex Tax:Rs 337.50
MaqalaatEFalsafa,http://www.libertybooks.com/urdu-books/MaqalaatEFalsafa-28250?limit=100,By: Dr. Waheed Ishrat,,Ex Tax:Rs 675.00
MasaileAdab,http://www.libertybooks.com/urdu-books/MasaileAdab-33294?limit=100,By: N/A,,Ex Tax:Rs 540.00
Maulana Zafar Ali Khan: Hayat khidmat va asar,http://www.libertybooks.com/urdu-books/Maulana-Zafar-Ali-Khan:-Hayat-khidmat-va-asar-28288?limit=100,By: G̲h̲ulām Ḥusain Z̲ūlfaqār ,,Ex Tax:Rs 900.00
Mausam Badlay Ga ,http://www.libertybooks.com/urdu-books/mausam-badlay-ga-28125?limit=100,By: JAHANGIR ASHRAF,,Ex Tax:Rs 297.00
Meray Itne Saary Rang,http://www.libertybooks.com/urdu-books/Meray-Itne-Saary-Rang-28434?limit=100,By: Sami Mustafa,,Ex Tax:Rs 195.00
Mn Pehlay Janum Mn Raat Thi,http://www.libertybooks.com/urdu-books/mn-pehlay-janum-mn-raat-thi-9789693509274?limit=100,By: Kishwar Naheed,,Ex Tax:Rs 400.00
Mohabbat Subha Ka Sitara,http://www.libertybooks.com/urdu-books/Mohabbat-Subha-Ka-Sitara-34106?limit=100,By: Iqra Sagheer Ahmed,,Ex Tax:Rs 800.00
Muhabbat Ki Kitab,http://www.libertybooks.com/urdu-books/Muhabbat-Ki-Kitab-28070?limit=100,By: Ayub Khawar,,Ex Tax:Rs 221.25
Mujasmon Ki Duniya,http://www.libertybooks.com/urdu-books/Mujasmon-Ki-Duniya-34050?limit=100,By: Miya Asif Rasheed,,Ex Tax:Rs 595.00
Mulaqat,http://www.libertybooks.com/urdu-books/Mulaqat-28600?limit=100,By: Gazanfer Hashmi,,Ex Tax:Rs 275.00
Murdon Ki Sarai maut Ka Taaqub Book 8,http://www.libertybooks.com/urdu-books/Murdon-Ki-Sarai-maut-Ka-Taaqub-Book-8-26787?limit=100,By: Muhammad Saleem ur Rehman,,Ex Tax:Rs 199.00
Na Tamam,http://www.libertybooks.com/urdu-books/Na-Tamam-28103?limit=100,By: MUHAMMAD ASIM BUTT,,Ex Tax:Rs 240.00
Nadeem Shanasi,http://www.libertybooks.com/urdu-books/Nadeem-Shanasi-3541?limit=100,By: Prof.Fateh Mohammad Malik,,Ex Tax:Rs 450.00
Nadir Bandar Aur Taimoor,http://www.libertybooks.com/urdu-books/Nadir-Bandar-Aur-Taimoor-33381?limit=100,By: Sami Mustafa,,Ex Tax:Rs 195.00
Nageen Gum Gushta,http://www.libertybooks.com/urdu-books/Nageen-Gum-Gushta-34489?limit=100,By: Tahira Iqbal,,Ex Tax:Rs 350.00
Naheed,http://www.libertybooks.com/urdu-books/Naheed-16638?limit=100,By: Razia Butt,,Ex Tax:Rs 700.00
Namrood Ki Khudaai,http://www.libertybooks.com/urdu-books/namrood-ki-khudaai-9789693521948?limit=100,By: Saadat Hasan Manto,,Ex Tax:Rs 400.00
Nangay Paoon,http://www.libertybooks.com/urdu-books/Nangay-Paoon-16637?limit=100,By: Ashfaq Ahmed,,"Ex Tax:Rs 1,200.00"
Naqabil e Faramosh,http://www.libertybooks.com/urdu-books/Naqabil-e-Faramosh-33377?limit=100,By: Salman Durrani    ,,Ex Tax:Rs 596.25
NasarERasheed Jahaan,http://www.libertybooks.com/urdu-books/NasarERasheed-Jahaan-28214?limit=100,By: N/A,,Ex Tax:Rs 375.00
Nazim Hikmat Kay Sath Jail,http://www.libertybooks.com/urdu-books/Nazim-Hikmat-Kay-Sath-Jail-28148?limit=100,By: N/A,,Ex Tax:Rs 234.00
Neli Note Book,http://www.libertybooks.com/urdu-books/Neli-Note-Book-28149?limit=100,By: N/A,,Ex Tax:Rs 150.00
Niklay Teri Talash Main,http://www.libertybooks.com/urdu-books/niklay-teri-talash-main-28420?limit=100,By: Mustansar Hussain Tarar,,Ex Tax:Rs 795.00
Nisbat Mujhe is khak se Hy,http://www.libertybooks.com/urdu-books/Nisbat-Mujhe-is-khak-se-Hy-28551?limit=100,By: Dr. Farhat Jabeen,,Ex Tax:Rs 210.00
Nishaat Kar ,http://www.libertybooks.com/urdu-books/Nishaat-Kar-28658?limit=100,By: Sabir Badar Jafferi,,Ex Tax:Rs 300.00
Nusrat Fateh Ali Khan Qawali Ka Payam Rasan,http://www.libertybooks.com/urdu-books/Nusrat-Fateh-Ali-Khan-Qawali-Ka-Payam-Rasan-28234?limit=100,By: Shaukat Niazi,,Ex Tax:Rs 425.00
Pahli Nazar,http://www.libertybooks.com/urdu-books/pahli-nazar-27203?limit=100,By: Muhammad Farook Anjum    ,,Ex Tax:Rs 250.00
Pairon Say Zamein Nikal GAI,http://www.libertybooks.com/urdu-books/pairon-say-zamein-nikal-gai-9789690023186?limit=100,By: Bint-e-Sameera,,Ex Tax:Rs 295.00
Pakistan Aur Bainulaqwami Taqatain ,http://www.libertybooks.com/urdu-books/Pakistan-Aur-Bainulaqwami-Taqatain-28549?limit=100,By: Mohammad Raza Qazmi,,Ex Tax:Rs 375.00
Pakistan Kharabi Aur Os Kay Asraat,http://www.libertybooks.com/urdu-books/pakistan-kharabi-aur-os-kay-asraat-9789695623565?limit=100,By: Babar Ayaz,,Ex Tax:Rs 800.00
Parosi Kawa,http://www.libertybooks.com/urdu-books/Parosi-Kawa-28365?limit=100,By: Shamsa Khalil Hassan,,Ex Tax:Rs 170.00
Parwa,http://www.libertybooks.com/urdu-books/Parwa-16592?limit=100,By: Mustansar Hussain Tarar,,Ex Tax:Rs 450.00
Peeli Lakeer,http://www.libertybooks.com/urdu-books/Peeli-Lakeer-3863?limit=100,By: Ashraf Sahad,,Ex Tax:Rs 250.00
Purisrar Jazeera - (PB),http://www.libertybooks.com/urdu-books/purisrar-jazeera-(pb)?limit=100,By: Maqbool Jahangir,,Ex Tax:Rs 295.00
Pyar Ka Pehla Shehar,http://www.libertybooks.com/urdu-books/pyar-ka-pehla-shehar-9789693503159?limit=100,By: Mustansar Hussain Tarar,,"Ex Tax:Rs 1,200.00"
Qaamat,http://www.libertybooks.com/urdu-books/Qaamat-28344?limit=100,By: Oriya Muqbool Jan,,Ex Tax:Rs 225.00
QaflaeHijaz,http://www.libertybooks.com/urdu-books/QaflaeHijaz-3339?limit=100,By: Naseem Hijazi,,"Ex Tax:Rs 1,250.00"
Qaid-e-Tanhai,http://www.libertybooks.com/urdu-books/qaid-e-tanhai-(hb)?limit=100,By: Umera Ahmed,,"Ex Tax:Rs 1,200.00"
Qalam E Tamam,http://www.libertybooks.com/urdu-books/Qalam-E-Tamam-33653?limit=100,By: Ata-ul-Haq Qasmi,,"Ex Tax:Rs 1,875.00"
Qatray Main Darya Urdu,http://www.libertybooks.com/urdu-books/Qatray-Main-Darya-Urdu-3527?limit=100,By: Intezar Hussain,,"Ex Tax:Rs 1,125.00"
Qausain,http://www.libertybooks.com/urdu-books/Qausain-34361?limit=100,By: Aftab Kareemi,,Ex Tax:Rs 200.00
Quraan E Kareem,http://www.libertybooks.com/urdu-books/Quraan-E-Kareem-34066?limit=100,By: N/A,,"Ex Tax:Rs 8,395.00"
RAAT SAMANDAR MAIN,http://www.libertybooks.com/urdu-books/raat-samandar-main-9789693527254?limit=100,By: Amjad Islam Amjad,,Ex Tax:Rs 400.00
Raiz ul Saliheen,http://www.libertybooks.com/urdu-books/Raiz-ul-Saliheen-17208?limit=100,By: Hafiz Salah ud Din Yousuf,,"Ex Tax:Rs 4,995.00"
Raja Gidh,http://www.libertybooks.com/urdu-books/raja-gidh-9789693505146?limit=100,By: Bano Qudsia,,"Ex Tax:Rs 1,200.00"
Ramzan-ul-Mubarak   (Fazail-o-Fawaid Aur Ahkam-o-Masail) - SHORT BOOK,http://www.libertybooks.com/urdu-books/Ramzan-ul-Mubarak-(Fazail-o-Fawaid-Aur-Ahkam-o-Masail?limit=100,By: Hafiz Salah ud Din Yousuf,,Ex Tax:Rs 135.00
Rangeen FerozulLughat Urdu Jadeed,http://www.libertybooks.com/urdu-books/Rangeen-FerozulLughat-Urdu-Jadeed-27520?limit=100,By: Ferozesons,,"Ex Tax:Rs 1,095.00"
Razia Sultan,http://www.libertybooks.com/urdu-books/Razia-Sultan-3524?limit=100,By: Razia Butt,,Ex Tax:Rs 200.00
Resham Resham,http://www.libertybooks.com/urdu-books/resham-resham-9789693502312?limit=100,By: Amjad Islam Amjad,,Ex Tax:Rs 375.00
Roop Kiran,http://www.libertybooks.com/urdu-books/roop-kiran-28130?limit=100,By: Taahir Saeed Haroon,,Ex Tax:Rs 240.00
Safareshouq,http://www.libertybooks.com/urdu-books/Safareshouq-28107?limit=100,By: N/A,,Ex Tax:Rs 240.00
Sahar Aik Ista'ara Hai,http://www.libertybooks.com/urdu-books/sahar-aik-ista-ara-hai-1000000000148?limit=100,By: Umera Ahmad,,Ex Tax:Rs 600.00
Sajjad Zahir Shaksiyat Aur Fikar,http://www.libertybooks.com/urdu-books/sajjad-zahir-shaksiyat-aur-fikar-1000000002456?limit=100,By: Dr. Syed Jaffar Ahmed,,Ex Tax:Rs 695.00
Sar-e-Wadi-e-Sina,http://www.libertybooks.com/urdu-books/Sar-e-Wadi-e-Sina-28633?limit=100,By: FAIZ AHMAD FAIZ,,Ex Tax:Rs 695.00
Kuliyat E Makatib e Iqbal Vol 2,http://www.libertybooks.com/urdu-books/kuliyat-e-makatib-e-iqbal-vol-2-1000000011152?limit=100,By: SYED MUZAFFAR HUSSAIN BARNI,,"Ex Tax:Rs 1,530.00"
Kuliyat E Makatib e Iqbal Vol 4,http://www.libertybooks.com/urdu-books/kuliyat-e-makatib-e-iqbal-vol-4-1000000011154?limit=100,By: SYED MUZAFFAR HUSSAIN BARNI,,"Ex Tax:Rs 1,350.00"
Kuliyat e Suroor,http://www.libertybooks.com/urdu-books/kuliyat-e-suroor-9789694190938?limit=100,By: SUROOR BARABANKVI,,Ex Tax:Rs 425.00
Kulliyat e syed mubarak shah,http://www.libertybooks.com/urdu-books/kulliyat-e-syed-mubarak-shah-9789696620853?limit=100,By: Sultan Nasir,,Ex Tax:Rs 900.00
Kulyat E Iqbal,http://www.libertybooks.com/urdu-books?product_id=108848&limit=100,By: Allama Mohammad Iqbal,,Ex Tax:Rs 900.00
KULYAT MAKATEEB E IQBAL 3,http://www.libertybooks.com/urdu-books/kulyat-makateeb-e-iqbal-3-1000000011153?limit=100,By: SYED MUZAFFAR HUSSAIN BARNI,,"Ex Tax:Rs 1,350.00"
Kulyat-E-Ghulam Abbas,http://www.libertybooks.com/urdu-books/kulyat-e-ghulam-abbas-9789692233781?limit=100,By: Nadeem Ahmed,,"Ex Tax:Rs 1,450.00"
Kya,http://www.libertybooks.com/urdu-books/kya-9789695503188?limit=100,By: Ghazala Nomani,,Ex Tax:Rs 170.00
La Hasil (Novel) by Umera Ahmed (Urdu) ,http://www.libertybooks.com/urdu-books/la-hasil-novel-by-umera-ahmed-urdu?limit=100,By: Umera Ahmad,,Ex Tax:Rs 700.00
Laali,http://www.libertybooks.com/urdu-books/laali-9789695500941?limit=100,By: QASIM MUJTABA,,Ex Tax:Rs 170.00
LAB-E-GOYA,http://www.libertybooks.com/urdu-books/lab-e-goya-9789693532265?limit=100,By: Kishwar Naheed,,Ex Tax:Rs 600.00
LAFANI TEHRERE,http://www.libertybooks.com/urdu-books/lafani-tehrere-9769692317308?limit=100,By: Tahir Nizami,,Ex Tax:Rs 350.00
Lafz,http://www.libertybooks.com/urdu-books/lafz-9789693533552?limit=100,By: Abdal Beela,,"Ex Tax:Rs 1,500.00"
Lafz Khurdary,http://www.libertybooks.com/urdu-books/lafz-khurdary-9789696620570?limit=100,By: Tanveer Seepra,,Ex Tax:Rs 500.00
LAHORE KI YAADAIN,http://www.libertybooks.com/urdu-books/lahore-ki-yaadain-9789696013549?limit=100,By: A Hameed,,Ex Tax:Rs 890.00
Lakeer - (PB),http://www.libertybooks.com/urdu-books?product_id=90944&limit=100,By: Samina Raza,,Ex Tax:Rs 170.00
LAMBI CHHOTI BAAT,http://www.libertybooks.com/urdu-books/lambi-chhoti-baat-9789695504024?limit=100,By: Amra Alam,,Ex Tax:Rs 485.00
Lamha-e-Majood Ki Taqat,http://www.libertybooks.com/urdu-books/lamha-e-majood-ki-taqat-1000000001801?limit=100,By: Eckhart Tolle,,Ex Tax:Rs 600.00
Langar Khana,http://www.libertybooks.com/urdu-books/langar-khana-9789696011446?limit=100,By: Javaid Siddiqui,,Ex Tax:Rs 390.00
Larai Jhagra - (PB),http://www.libertybooks.com/urdu-books/larai-jhagra-pb-9789695501900?limit=100,By: Ramzan Shad    ,,Ex Tax:Rs 170.00
Lazzat-E-Sang (Urdu,http://www.libertybooks.com/urdu-books/lazzat-e-sang-urdu-9789696401032?limit=100,By: Sadat Hasan Manto,,Ex Tax:Rs 299.00
Lenan Goad se Gor Tak - (HB),http://www.libertybooks.com/urdu-books/lenan-goad-se-gor-tak-hb-1000000001420?limit=100,By: Gopal Mital,,Ex Tax:Rs 450.00
LIVING WITH LEADERSHIP,http://www.libertybooks.com/urdu-books/living-with-leadership-9789696622062?limit=100,By: Saeed Rashid,,Ex Tax:Rs 600.00
Log Sargoshiyon mein Goya Hain,http://www.libertybooks.com/urdu-books?product_id=108907&limit=100,By: Raja Shehzad,,Ex Tax:Rs 675.00
Lok Adab jo Tahqiqi Jaizo,http://www.libertybooks.com/urdu-books/lok-adab-jo-tahqiqi-jaizo-9789699543500?limit=100,By: Dr. Abdul Karim Sandilo,,Ex Tax:Rs 600.00
MAAN RI,http://www.libertybooks.com/urdu-books/maan-ri-1000000009105?limit=100,By: Nishat Yasmeen Khan,,Ex Tax:Rs 660.00
Maanain Na Maanain,http://www.libertybooks.com/urdu-books/maanain-na-maanain-9789696621768?limit=100,By: Dale Carnegie,,Ex Tax:Rs 400.00
Maani ki Subhein Rashid: Nazmein aur Mutalaat,http://www.libertybooks.com/urdu-books/maani-ki-subhein-rashid-nazmein-aur-mutalaat-9789693534771?limit=100,By: Mushtaq Ahmad,,"Ex Tax:Rs 1,200.00"
Maarf-e-Ghalib,http://www.libertybooks.com/urdu-books/maarf-e-ghalib-9789693533941?limit=100,By: Muhammad Sadiq,,"Ex Tax:Rs 2,800.00"
Machhli Kay Munh Main - (PB),http://www.libertybooks.com/urdu-books/machhli-kay-munh-main-pb-969812912x?limit=100,By: Atiya Naqvi,,Ex Tax:Rs 145.00
Mafroor,http://www.libertybooks.com/urdu-books/mafroor-9789696522041?limit=100,By: Fatima Bhutto,,"Ex Tax:Rs 1,380.00"
MAGIC (TRANSLATED) - (HB),http://www.libertybooks.com/urdu-books/magic-(translated)-(hb)?limit=100,By: Rhonda Byrne,,Ex Tax:Rs 495.00
Mahabharat (in Urdu) - (HB),http://www.libertybooks.com/urdu-books/mahabharat-(in-urdu)-(hb)?limit=100,By: R.K. Narian,,Ex Tax:Rs 600.00
MAHAVRAY AUR ZARB-UL-MISAL,http://www.libertybooks.com/urdu-books/mahavray-aur-zarb-ul-misal?limit=100,By: Nishat Naqvi,,Ex Tax:Rs 270.00
Mahavray Aur Zarbulimsal ,http://www.libertybooks.com/urdu-books/mahavray-aur-zarbulimsal-9789695503454?limit=100,By: Afsar,,Ex Tax:Rs 270.00
Main Anmol,http://www.libertybooks.com/urdu-books/main-anmol-1000000005536?limit=100,By: Nimra Ahmad,,"Ex Tax:Rs 2,500.00"
Main Kon Hun,http://www.libertybooks.com/urdu-books/ME-KON-HUN?limit=100,By: Unknown,,Ex Tax:Rs 245.00
Main Moor Lainay Empress Market Ja Rahi Hoon,http://www.libertybooks.com/urdu-books/main-moor-lainay-empress-market-ja-rahi-hoon-9789695500880?limit=100,By: Syed Ali Abbas,,Ex Tax:Rs 245.00
MAIN NAY MANTO KAISA PAYA,http://www.libertybooks.com/urdu-books/MAIN-NAY-MANTO-KAISA-PAYA-46240?limit=100,By: PARVEZ ANJUM,,Ex Tax:Rs 600.00
Main Saanp Hoon: Maut Ka Taaqub (Book 10),http://www.libertybooks.com/urdu-books/main-saanp-hoon-maut-ka-taaqub-book-10-9789699473500?limit=100,By: A Hameed,,Ex Tax:Rs 199.00
Main Tobbha to Karna Chata Hon Lekin? ,http://www.libertybooks.com/urdu-books/main-tobbha-to-karna-chata-hon-lekin-47156?limit=100,By: Mohammad Bin Salhi al Munjad    ,,Ex Tax:Rs 177.00
Majmua,http://www.libertybooks.com/urdu-books/majmua-9789693534467?limit=100,By: Tariq Baloch Sehraei,,"Ex Tax:Rs 1,800.00"
MAJMUA MOHAMMADI BEGUM,http://www.libertybooks.com/urdu-books/majmua-mohammadi-begum-1?limit=100,By: HUMAIRA ASHFAQ,,"Ex Tax:Rs 2,200.00"
Majmua Niaz Fateh Puri,http://www.libertybooks.com/urdu-books/majmua-niaz-fateh-puri-9789693533040?limit=100,By: Shakeel Hussain Syed,,"Ex Tax:Rs 2,800.00"
MAJMUA QURATUL AIN HAIDER AAG KA DARYA -,http://www.libertybooks.com/urdu-books/MAJMUA-QURATUL-AIN-HAIDER-AAG-KA-DARYA---38094?limit=100,"By: Qurratulain Hyder, COMP: JAMEEL AKHTAR",,"Ex Tax:Rs 2,800.00"
Majmua Quratul Ain Haider:,http://www.libertybooks.com/urdu-books?product_id=106790&limit=100,By: Qurratulain Hyder,,"Ex Tax:Rs 2,800.00"
"Majmua Shafiq Ur Rahman: Pachtaway, Mazeed Hamaqtain , Dajla, Dareechay, Insani Tamasha",http://www.libertybooks.com/urdu-books/majmua-shafiq-ur-rahman-pachtaway-mazeed-hamaqtain-dajla-dareechay-insani-tamasha-9789693514940?limit=100,By: Shafiq-ur-Rahman,,"Ex Tax:Rs 3,000.00"
Majmua Shaifque ur Rehman,http://www.libertybooks.com/urdu-books/majmua-shaifque-ur-rehman-9789693514896?limit=100,By: Shafiq-ur-Rahman,,"Ex Tax:Rs 3,000.00"
MAJMUA SHAMSUR RAHMAN FARUQI,http://www.libertybooks.com/urdu-books/majmua-shamsur-rahman-faruqi-9789696623274?limit=100,By: Shamsur Rahman Faruqi,,"Ex Tax:Rs 1,530.00"
Major Muhammad Akram Shaheed,http://www.libertybooks.com/urdu-books/major-muhammad-akram-shaheed-9789696621133?limit=100,By: Prof. Saeed Rashid Alig,,Ex Tax:Rs 749.25
Makai Wala - (PB),http://www.libertybooks.com/urdu-books/makai-wala-pb-969855615x?limit=100,By: Mustafa,,Ex Tax:Rs 170.00
Makkai Wala (PB),http://www.libertybooks.com/urdu-books/makkai-wala-pb-9789695501856?limit=100,By: Sami Mustafa,,Ex Tax:Rs 170.00
Makre Ka Jaal: Maut Ka Taaqub (Book 9),http://www.libertybooks.com/urdu-books/makre-ka-jaal-maut-ka-taaqub-book-9-9789699473517?limit=100,By: A Hameed,,Ex Tax:Rs 199.00
Maktoobat,http://www.libertybooks.com/urdu-books/maktoobat-1000000000551?limit=100,By: Unknown,,Ex Tax:Rs 71.25
Malbay Say Mili Cheezain,http://www.libertybooks.com/urdu-books/malbay-say-mili-cheezain-9789696621621?limit=100,By: Naseer Ahmed Nasir,,Ex Tax:Rs 510.00
Maloomat-e-Rasool (PBUH) (Urdu) Hardcover ,http://www.libertybooks.com/urdu-books/maloomat-e-rasool-(pbuh)-(urdu)-hardcover?limit=100,By: Qayyum Nizami,,Ex Tax:Rs 550.00
MAMOLAT E MUSTAFA (Peace Be Upon him),http://www.libertybooks.com/urdu-books/mamolat-e-mustafa-peace-be-upon-him-9789696621430?limit=100,By: Prof Mohammad Akram Madni,,Ex Tax:Rs 600.00
Man Matti,http://www.libertybooks.com/urdu-books/man-matti-1000000008889?limit=100,By: Wajid Abrar,,"Ex Tax:Rs 1,000.00"
Mantiq ul Tair: Ik Raaz-e-Shanasai,http://www.libertybooks.com/urdu-books?product_id=106270&limit=100,By: Muhammad Saleem,,"Ex Tax:Rs 2,000.00"
MANTO AAJ BHI ZINDA HAI,http://www.libertybooks.com/urdu-books/manto-aaj-bhi-zinda-hai-9789696623236?limit=100,By: Mohammad Hameed Shahid,,Ex Tax:Rs 300.00
Manto Kahanian,http://www.libertybooks.com/urdu-books/manto-kahanian-9789693502404?limit=100,By: Saadat Hasan Manto,,"Ex Tax:Rs 2,200.00"
Manto Kahanian,http://www.libertybooks.com/urdu-books/manto-kahanian-969350240x?limit=100,By: Sadaat Hassan Manto,,"Ex Tax:Rs 1,650.00"
Manto Ke Afsane,http://www.libertybooks.com/urdu-books/manto-ke-afsane-9789696401605?limit=100,By: Saadat Hasan Manto,,Ex Tax:Rs 599.00
Manṭo ke maz̤āmīn,http://www.libertybooks.com/urdu-books/manṭo-ke-maz̤āmīn-9789693521887?limit=100,By: Sadat Hasan Manto,,Ex Tax:Rs 600.00
Manto ki Aurtain,http://www.libertybooks.com/urdu-books/manto-ki-aurtain-9789695625507?limit=100,By: Ravish Nadeem,,Ex Tax:Rs 700.00
Mard e Aahan (Urdu)  - Hardcover,http://www.libertybooks.com/urdu-books/mard-e-aahan-(urdu)-hardcover?limit=100,By: NAJAM UL SEHER BUTT,,Ex Tax:Rs 450.00
Marifat -e- Qayamat,http://www.libertybooks.com/urdu-books/marifat-e-qayamat-1000000008013?limit=100,By: Shaykh al-Akbar,,Ex Tax:Rs 849.15
Mashaheer ke Khatoot Banaam Atta ul Haq Qasmi,http://www.libertybooks.com/urdu-books/mashaheer-ke-khatoot-banaam-atta-ul-haq-qasmi-9789693534160?limit=100,By: Dr Ayesha Azeem,,"Ex Tax:Rs 2,800.00"
MASLA E FALASTEEN,http://www.libertybooks.com/urdu-books/masla-e-falasteen-9789696623472?limit=100,By: Edward Said ,,"Ex Tax:Rs 1,200.00"
Masoom aur Pareechay,http://www.libertybooks.com/urdu-books/Masoom-aur-Pareechay-39401?limit=100,By: Gulzar,,Ex Tax:Rs 360.00
Masooma,http://www.libertybooks.com/urdu-books/masooma-1000000020229?limit=100,By: Asmat Chughtai,,Ex Tax:Rs 400.00
MASTER SAHIB,http://www.libertybooks.com/urdu-books/master-sahib-9789695503485?limit=100,By: Khalida Afsar,,Ex Tax:Rs 410.00
Master Sahib ,http://www.libertybooks.com/urdu-books/Master-Sahib-47063?limit=100,By: Book Group,,Ex Tax:Rs 485.00
Matam Ek Orat ka,http://www.libertybooks.com/urdu-books/matam-ek-orat-ka-1000000001124?limit=100,By: Omar Rivebella,,Ex Tax:Rs 340.00
Matan Sayaq aur Tanazur,http://www.libertybooks.com/urdu-books/matan-sayaq-aur-tanazur-9789693529364?limit=100,By: DR NASIR ABBAS NAYYAR,,Ex Tax:Rs 720.00
Mausam e Khush Rung,http://www.libertybooks.com/urdu-books/mausam-e-khush-rung-9789693533224?limit=100,By: Shahid Siddiqui,,Ex Tax:Rs 600.00
Mazah Nagar,http://www.libertybooks.com/urdu-books/mazah-nagar-9789693534375?limit=100,By: Kiran Khan,,Ex Tax:Rs 900.00
Mazahib Alim Ka Encyclopedia,http://www.libertybooks.com/urdu-books/mazahib-alim-ka-encyclopedia-9789694796468?limit=100,By: Levis Morr,,Ex Tax:Rs 562.50
Mazahiya Shairi Ka Encylopedia,http://www.libertybooks.com/urdu-books/mazahiya-shairi-ka-encylopedia-9789693532210?limit=100,By: Dr.Inam ul Haq Jaweid,,Ex Tax:Rs 900.00
Mazhab aur Jadeed Challenge,http://www.libertybooks.com/urdu-books/mazhab-aur-jadeed-challenge-1000000070004?limit=100,By: Maulana Wahiduddin Khan,,Ex Tax:Rs 600.00
Mazi Ke Mazar,http://www.libertybooks.com/urdu-books/mazi-ke-mazar-1000000008991?limit=100,By: Syed Sibt-e-Hassan,,Ex Tax:Rs 995.00
Medicine Of The Prophet ,http://www.libertybooks.com/urdu-books/medicine-of-the-prophet-9789699396557?limit=100,By: Jalalud Din Abdur Rahman As Suyuti,,Ex Tax:Rs 562.50
Mee Sozam,http://www.libertybooks.com/urdu-books/mee-sozam-9789693533392?limit=100,By: HUMAIRA ASHFAQ,,Ex Tax:Rs 595.00
MEEM,http://www.libertybooks.com/urdu-books/meem-9789693534191?limit=100,By: Abu Talib Aneem,,Ex Tax:Rs 800.00
Meethi Mirch  - Paperback,http://www.libertybooks.com/urdu-books/meethi-mirch-paperback?limit=100,By: Sami Mustafa,,Ex Tax:Rs 195.00
Mehdi,http://www.libertybooks.com/urdu-books/mehdi-1000000010016?limit=100,By: Asim Ejaz,,"Ex Tax:Rs 1,200.00"
MEHMAN SARAI,http://www.libertybooks.com/urdu-books/mehman-sarai-9789693505924?limit=100,By: Ashfaq Ahmed,,Ex Tax:Rs 600.00
Mei Khush Haal Salesman Kese Bana,http://www.libertybooks.com/urdu-books/mei-khush-haal-salesman-kese-bana-9789696621386?limit=100,By: Frank Bechgar,,Ex Tax:Rs 510.00
Mein Ab Bhi Muskarata Hon ,http://www.libertybooks.com/urdu-books/mein-ab-bhi-muskarata-hon?limit=100,By: Farrukh Zia Mushtaq,,Ex Tax:Rs 700.00
Mein awr mera Pakistan,http://www.libertybooks.com/urdu-books/mein-awr-mera-pakistan-9789695733752?limit=100,By: Imran Khan,,Ex Tax:Rs 399.00
Mein Bhanna Dilli Day Kingray,http://www.libertybooks.com/urdu-books/mein-bhanna-dilli-day-kingray-9789693534528?limit=100,By: Mustansar Husain Tarar,,"Ex Tax:Rs 1,400.00"
Mela Akhiyan Da,http://www.libertybooks.com/urdu-books/mela-akhiyan-da-9789696623175?limit=100,By: Anwar Masood,,Ex Tax:Rs 500.00
Mera Daghistaan,http://www.libertybooks.com/urdu-books?product_id=110160&limit=100,By: Rasool Hamza Touf,,"Ex Tax:Rs 1,500.00"
MERA PAKISTANI SAFARNAMA,http://www.libertybooks.com/urdu-books/mera-pakistani-safarnama-9789696623038?limit=100,By: Balraj Sahni,,Ex Tax:Rs 600.00
Mera Shehr Lahore,http://www.libertybooks.com/urdu-books/mera-shehr-lahore?limit=100,By: Younas Adeeb,,Ex Tax:Rs 510.00
Meraj Ke Darwaze Tak,http://www.libertybooks.com/urdu-books/meraj-ke-darwaze-tak-9789693534344?limit=100,By: Raheel Azhar,,Ex Tax:Rs 900.00
Mere Hum Zamaan,http://www.libertybooks.com/urdu-books/mere-hum-zamaan-9789693534283?limit=100,By: Ahmad Nadeem Qasmi,,Ex Tax:Rs 800.00
Mere Zamanay Ke Dehli,http://www.libertybooks.com/urdu-books/mere-zamanay-ke-dehli-1000000007552?limit=100,By: Mulla Wahidi,,Ex Tax:Rs 400.00
Meri Chahat Meri Reyazat  ,http://www.libertybooks.com/urdu-books/meri-chahat-meri-reyazat?limit=100,By: Sadia Abid    ,,Ex Tax:Rs 180.00
"Meri Dharti, Meray Log",http://www.libertybooks.com/urdu-books/meri-dharti-meray-log-9789693534634?limit=100,By: Ahmad Salim,,"Ex Tax:Rs 2,800.00"
Sunehray huroof,http://www.libertybooks.com/urdu-books/sunehray-huroof-9789960970653?limit=100,By: Abdul Malik Mujahid,,"Ex Tax:Rs 1,650.00"
Sunehri Ankhon Wali Larki,http://www.libertybooks.com/urdu-books/sunehri-ankhon-wali-larki-9789696622734?limit=100,By: Rauf Clasra,,Ex Tax:Rs 450.00
SUNEHRI CHATTAN,http://www.libertybooks.com/urdu-books/sunehri-chattan-9789696013457?limit=100,By: Ishtiaq Ahmed,,"Ex Tax:Rs 1,600.00"
Sunehri Dhoop,http://www.libertybooks.com/urdu-books/sunehri-dhoop-1000000006033?limit=100,By: Salwa Saif Ullah Butt,,Ex Tax:Rs 800.00
Sunehri Kahaniyan - Flash Card,http://www.libertybooks.com/urdu-books/sunehri-kahaniyan-flash-card-9789697086795?limit=100,By: JBD Press,,"Ex Tax:Rs 1,050.00"
"SURAKH GULAAB: AFSANAY, KAHANIAN, NOVELETTE",http://www.libertybooks.com/urdu-books/surakh-gulaab-afsanay-kahanian-novelette-9789693532821?limit=100,By: Mohammad Ilyas,,Ex Tax:Rs 900.00
Surkhab,http://www.libertybooks.com/urdu-books/surkhab?limit=100,By: Naila Tariq,,Ex Tax:Rs 500.00
Surmai Neend Ki Bazgasht,http://www.libertybooks.com/urdu-books/surmai-neend-ki-bazgasht-9789696621140?limit=100,By: Naseer Ahmed Nasir,,Ex Tax:Rs 450.00
Swaadika,http://www.libertybooks.com/urdu-books/swaadika-9789693534436?limit=100,By: Rao Athar Ikhlaq,,"Ex Tax:Rs 1,400.00"
Syedna Abu Bakar Siddiq Razi Allah Tallah,http://www.libertybooks.com/urdu-books/syedna-abu-bakar-siddiq-razi-allah-tallah-1000000005037?limit=100,By: Ashfaq Ahmed,,Ex Tax:Rs 190.00
Syedna Usman Ghani Razi Allah Tallah,http://www.libertybooks.com/urdu-books/syedna-usman-ghani-razi-allah-tallah-1000000005045?limit=100,By: Ashfaq Ahmed,,Ex Tax:Rs 195.00
Ta'aluq Mar Raha Hai,http://www.libertybooks.com/urdu-books/ta-aluq-mar-raha-hai-9789693532692?limit=100,By: Adnan Adil Hussain,,Ex Tax:Rs 800.00
Taar Taar Paerehan,http://www.libertybooks.com/urdu-books/taar-taar-paerehan-9789693535228?limit=100,By: Kishwar Naheed,,"Ex Tax:Rs 1,000.00"
Tabarkat e Nabvi Ki Tareekhi Dastavez ,http://www.libertybooks.com/urdu-books/tabarkat-e-nabvi-ki-tareekhi-dastavez-9789699396519?limit=100,By: Yousaf Bin Abdul Haadi Muqadsi,,Ex Tax:Rs 480.00
Tabeer Ghalib,http://www.libertybooks.com/urdu-books/tabeer-ghalib-100000000799?limit=100,By: Nayyar Masood,,Ex Tax:Rs 360.00
Tadbirat al-Ilahiyya,http://www.libertybooks.com/urdu-books/tadbirat-al-ilahiyya-1000000008011?limit=100,By: Shaykh al-Akbar,,"Ex Tax:Rs 2,400.00"
Tafakhar e Pakistan,http://www.libertybooks.com/urdu-books/tafakhar-e-pakistan-1000000000999?limit=100,By: Dr. Haroon Rasheed Tabassum,,Ex Tax:Rs 600.00
Tahli Wala Letter Box,http://www.libertybooks.com/urdu-books/tahli-wala-letter-box-9789693533774?limit=100,By: SAJJAD JAHANIAN,,"Ex Tax:Rs 1,400.00"
TAJ MAHAL,http://www.libertybooks.com/urdu-books/taj-mahal-9789696621270?limit=100,By: Mehmood Banglori,,Ex Tax:Rs 500.00
Talaq Islam Mein,http://www.libertybooks.com/urdu-books/talaq-islam-mein-9788178988825?limit=100,By: Maulana Wahiduddin Khan,,Ex Tax:Rs 22.50
Taleem o Tarbiat,http://www.libertybooks.com/urdu-books/taleem-o-tarbiat-1000000001037?limit=100,By: Qayyum Nizami,,Ex Tax:Rs 300.00
Taleemi Tehqeeq,http://www.libertybooks.com/urdu-books/taleemi-tehqeeq-9789694075181?limit=100,By: Dr. Nasim Akhtar Lodhi,,Ex Tax:Rs 746.25
TAMEER E INSANIYAT,http://www.libertybooks.com/urdu-books/tameer-e-insaniyat-9786966620532?limit=100,By: Maulana Wahiduddin Khan,,Ex Tax:Rs 255.00
Tameer-e-Hayat,http://www.libertybooks.com/urdu-books/tameer-e-hayat-1000000006032?limit=100,By: Maulana Wahiduddin Khan,,Ex Tax:Rs 500.00
TANA BANA,http://www.libertybooks.com/urdu-books/tana-bana-9789695501511?limit=100,By: Rumana Husain,,Ex Tax:Rs 245.00
Tanha Tanhai,http://www.libertybooks.com/urdu-books/tanha-tanhai-9789693534849?limit=100,By: Farah Deeba Akram,,"Ex Tax:Rs 1,400.00"
TAQSEEM E HIND,http://www.libertybooks.com/urdu-books/taqseem-e-hind-9789696013563?limit=100,By: Abdul Waheed Khan,,Ex Tax:Rs 890.00
Taqseem Se Taqseem Tak,http://www.libertybooks.com/urdu-books/taqseem-se-taqseem-tak-9789694075167?limit=100,By: Naheed Sultan Mirza,,"Ex Tax:Rs 1,195.00"
Taraqi Pasand Tehrik Safar Dar Safar,http://www.libertybooks.com/urdu-books/taraqi-pasand-tehrik-safar-dar-safar-9789694190365?limit=100,By: Dr. Ali Ahmed Fatemi,,Ex Tax:Rs 206.25
Tareek - e - Arab,http://www.libertybooks.com/urdu-books/tareek-e-arab-1000000009376?limit=100,By: VOID - - Philip K. Hitti,,Ex Tax:Rs 550.00
Tareek - e - Islam,http://www.libertybooks.com/urdu-books/tareek-e-islam-1000000009371?limit=100,By: Syed Ameer Ali,,Ex Tax:Rs 750.00
TAREEK RAAHON KAY MUSAFIR,http://www.libertybooks.com/urdu-books/tareek-raahon-kay-musafir-9789696622635?limit=100,By: Rauf Klasra,,Ex Tax:Rs 900.00
Tareekh Aqwam Alim Qadeem,http://www.libertybooks.com/urdu-books/tareekh-aqwam-alim-qadeem-1000000008788?limit=100,By: Sainvess,,Ex Tax:Rs 637.50
Tareekh e Alam Par Ek Nazar,http://www.libertybooks.com/urdu-books/tareekh-e-alam-par-ek-nazar-9789694795904?limit=100,By: Jawaharlal Nehru,,Ex Tax:Rs 825.00
Tareekh Islami Hind,http://www.libertybooks.com/urdu-books/tareekh-islami-hind-1000000004520?limit=100,By: Allama Niaz Fateh Pori,,Ex Tax:Rs 700.00
Tareekh Ki Azeem Feminist Auratein,http://www.libertybooks.com/urdu-books/tareekh-ki-azeem-feminist-auratein-9789693533958?limit=100,By: Naeem Mirza,,"Ex Tax:Rs 2,200.00"
Tareekh-e-Adabiyat-e-Urdu,http://www.libertybooks.com/urdu-books/tareekh-e-adabiyat-e-urdu-9789693534597?limit=100,By: Garcin De Tassy,,"Ex Tax:Rs 2,800.00"
Tareekiyan aur ujaaley aur doosre afsaney,http://www.libertybooks.com/urdu-books/tareekiyan-aur-ujaaley-aur-doosre-afsaney-9789694075174?limit=100,By: Subha Saqid Hameed,,"Ex Tax:Rs 1,500.00"
Tarikh-e-Firon - (HB),http://www.libertybooks.com/urdu-books/tarikh-e-firon-(hb)?limit=100,By: Khuwaja Hassan Nizami,,Ex Tax:Rs 450.00
TARJIHAAT,http://www.libertybooks.com/urdu-books?product_id=72400&limit=100,By: Ahmad Rafique Akhtar,,Ex Tax:Rs 800.00
Tarveeni - Gulzar,http://www.libertybooks.com/urdu-books/tarveeni-gulzar-9789696621676?limit=100,By: SYED TAQI ABIDI,,Ex Tax:Rs 800.00
Tasteer 1,http://www.libertybooks.com/urdu-books/tasteer-1-9789696620884?limit=100,By: Naseer Ahmed Nasir,,Ex Tax:Rs 360.00
Tasteer 2,http://www.libertybooks.com/urdu-books/tasteer-2-9789696621034?limit=100,By: Naseer Ahmed Nasir,,Ex Tax:Rs 450.00
Tasteer 3,http://www.libertybooks.com/urdu-books/tasteer-3-9789696621256?limit=100,By: Naseer Ahmed Nasir,,Ex Tax:Rs 350.00
Tasteer 7,http://www.libertybooks.com/urdu-books/tasteer-7-9789696621881?limit=100,By: Naseer Ahmed Nasir,,Ex Tax:Rs 300.00
Tasteer 8,http://www.libertybooks.com/urdu-books/tasteer-8-9789696622017?limit=100,By: Naseer Ahmed Nasir,,Ex Tax:Rs 600.00
Tavajjuh Ki Talib,http://www.libertybooks.com/urdu-books/Tavajjuh-Ki-Talib-49468?limit=100,By: Bano Qudsia,,"Ex Tax:Rs 1,400.00"
Tavajjuh Ki Talib,http://www.libertybooks.com/urdu-books/tavajjuh-ki-talib-9789693508673?limit=100,By: Bano Qudsia,,"Ex Tax:Rs 1,400.00"
Tazkarat Al Nisaye Nadri,http://www.libertybooks.com/urdu-books/tazkarat-al-nisaye-nadri-9789693528749?limit=100,By: DURGA PARSHAD NADIR DEHLWI,,"Ex Tax:Rs 1,080.00"
Tehreek Aligarh Say Tehreek Pakistan Tak,http://www.libertybooks.com/urdu-books/tehreek-aligarh-say-tehreek-pakistan-tak-9789697280322?limit=100,By: Dr Jamal Naqvi,,Ex Tax:Rs 495.00
Tehzeeb Aur Uske Hejanat ,http://www.libertybooks.com/urdu-books/tehzeeb-aur-uske-hejanat-1000000010234?limit=100,By: Sigmund Freud,,Ex Tax:Rs 650.00
Tehzeebo ka tasadum - (HB),http://www.libertybooks.com/urdu-books/tehzeebo-ka-tasadum-(hb)?limit=100,By: Samuel P. Huntington,,Ex Tax:Rs 500.00
The Adventures of Pinocchio,http://www.libertybooks.com/urdu-books/the-adventures-of-pinocchio-9789695160282?limit=100,By: Carlo Collodi,,Ex Tax:Rs 395.00
The Arabian Nights (Selected Stories),http://www.libertybooks.com/urdu-books/the-arabian-nights-selected-stories-9789696520108?limit=100,By: Kunwar Anil Kumar ,,Ex Tax:Rs 700.00
The Diary of Che Guevara,http://www.libertybooks.com/urdu-books/the-diary-of-che-guevara-(hb)?limit=100,By: Ernesto Che Guevara,,Ex Tax:Rs 300.00
The Greatest Urdu Stories Ever Told,http://www.libertybooks.com/urdu-books/the-greatest-urdu-stories-ever-told-9789383064076?limit=100,By: Muhammad Umar Memon,,"Ex Tax:Rs 1,395.00"
The Hero (Transalation),http://www.libertybooks.com/urdu-books/the-hero-transalation-1000000010945?limit=100,By: Rhonda Byrne,,Ex Tax:Rs 495.00
The Prophet Harf E Widah,http://www.libertybooks.com/urdu-books/the-prophet-harf-e-widah-1000000010940?limit=100,By: Khalil Gibran,,Ex Tax:Rs 112.50
THE SQUEEZED EMOTIONS,http://www.libertybooks.com/urdu-books/the-squeezed-emotions-9789696622246?limit=100,By: amnah shahid,,Ex Tax:Rs 821.25
TIBBI TOTKAY AUR SHIFA,http://www.libertybooks.com/urdu-books/tibbi-totkay-aur-shifa-1000000010021?limit=100,By: Hakeem Saifullah Seekho,,Ex Tax:Rs 300.00
Ticket Checker,http://www.libertybooks.com/urdu-books/ticket-checker-9789690025630?limit=100,By: Amna Nazli,,Ex Tax:Rs 262.50
Tilism - e - Hoshruba,http://www.libertybooks.com/urdu-books/tilism-e-hoshruba-1000000009369?limit=100,By: M.Hussain Jha,,Ex Tax:Rs 750.00
Titli Say Titli,http://www.libertybooks.com/urdu-books/titli-say-titli-1000000009643?limit=100,By: Book Group,,Ex Tax:Rs 195.00
Tobat un Nasooh,http://www.libertybooks.com/urdu-books/tobat-un-nasooh-9789693534177?limit=100,By: Deputy Nazeer Ahmed,,Ex Tax:Rs 800.00
Toota Patta,http://www.libertybooks.com/urdu-books/toota-patta-1000000092922?limit=100,By: Tanvir Anwar khan,,Ex Tax:Rs 600.00
Toote Hue Par,http://www.libertybooks.com/urdu-books?product_id=110026&limit=100,By: Khalil Jibran,,Ex Tax:Rs 300.00
Tota Bakri or Hum,http://www.libertybooks.com/urdu-books/tota-bakri-or-hum-9789695500781?limit=100,By: Junaid Raheel,,Ex Tax:Rs 195.00
TRANSGRESSIONS: Poems Inspired by Faiz Ahmed Faiz,http://www.libertybooks.com/urdu-books/transgressions-poems-inspired-by-faiz-ahmed-faiz-9789698729264?limit=100,By: Anjum Altaf,,Ex Tax:Rs 895.00
Tukhlaq - (HB),http://www.libertybooks.com/urdu-books/tukhlaq-(hb)?limit=100,By: Raees Ahmed Jafri,,Ex Tax:Rs 450.00
Tukron Mein Kahi Gai Kahani (Short Stories),http://www.libertybooks.com/urdu-books/tukron-mein-kahi-gai-kahani-(short-stories)?limit=100,By: Asad Muhammad Khan,,Ex Tax:Rs 146.25
Turkey,http://www.libertybooks.com/urdu-books/turkey-9789695622018?limit=100,By: Ghulam Rasool Maher,,Ex Tax:Rs 350.00
Turkey Sarzameen aur Bashinday,http://www.libertybooks.com/urdu-books/turkey-sarzameen-aur-bashinday-9789695627686?limit=100,By: Ghulam Rasool Mehr,,Ex Tax:Rs 262.50
Turkey Urdu Bol Chal,http://www.libertybooks.com/urdu-books/turkey-urdu-bol-chal?limit=100,By: Sultan Arshad,,Ex Tax:Rs 637.50
Turkey Urdu Bol Chal ,http://www.libertybooks.com/urdu-books/turkey-urdu-bol-chal-978969110054?limit=100,By: Dermish Bilgram,,Ex Tax:Rs 200.00
UBHARTA SOORAJ - 5 AM CLUBابھرتا سورج ,http://www.libertybooks.com/urdu-books/ubharta-sooraj-5-am-clubابھرتا-سورج-1000000002522?limit=100,By: Robin Sharma,,Ex Tax:Rs 700.00
ULTA DARAKHT,http://www.libertybooks.com/urdu-books/ulta-darakht-9789696623496?limit=100,By: Krishan Chander,,Ex Tax:Rs 750.00
Ultay Mian Ka Karnamay,http://www.libertybooks.com/urdu-books/ultay-mian-ka-karnamay-9789697779581?limit=100,By: Zia Ullah Mohsin,,Ex Tax:Rs 300.00
Umrao Jan Aada,http://www.libertybooks.com/urdu-books/umrao-jan-aada-9789693506747?limit=100,By: Mirza Mohammad Hadi Ruswa,,Ex Tax:Rs 600.00
Umrao Jan Ada,http://www.libertybooks.com/urdu-books/umrao-jan-ada-9789695342121?limit=100,By: Mirza Mohammad Hadi Ruswa,,Ex Tax:Rs 450.00
Undalis Mein Ajnabi,http://www.libertybooks.com/urdu-books/undalis-mein-ajnabi-9789693533897?limit=100,By: Mustansar Hussain Tarar,,"Ex Tax:Rs 3,000.00"
Upar Neeche Aur Darmiyan,http://www.libertybooks.com/urdu-books/upar-neeche-aur-darmiyan-9789696401148?limit=100,By: Saadat Hasan Manto,,Ex Tax:Rs 450.00
Urdu Adab : 1857 Ta 1966,http://www.libertybooks.com/urdu-books/urdu-adab-1857-ta-1966-9789693533583?limit=100,By: Dr Syed Abdullah,,Ex Tax:Rs 400.00
Urdu Adab Ki Tehreekay,http://www.libertybooks.com/urdu-books/urdu-adab-ki-tehreekay-1000000005334?limit=100,By: Dr Anwar Sadeed,,"Ex Tax:Rs 1,000.00"
Urdu Adab: Mahauliyati Tanazur,http://www.libertybooks.com/urdu-books/urdu-adab-mahauliyati-tanazur-9789693534269?limit=100,By: dr. Aurangzeb Niazi,,"Ex Tax:Rs 1,400.00"
Urdu Afsana - Surat-o-Marni,http://www.libertybooks.com/urdu-books/urdu-afsana-surat-o-marni-9789693533828?limit=100,By: Muhammad Hameed Shahid,,Ex Tax:Rs 900.00
Urdu Afsanay Ki Riwayat,http://www.libertybooks.com/urdu-books?product_id=110017&limit=100,By: Mirza Hamid Baig,,"Ex Tax:Rs 4,000.00"
Urdu And Hindi Wahadat Sanoviat,http://www.libertybooks.com/urdu-books/urdu-and-hindi-wahadat-sanoviat-9789693533217?limit=100,By: Dr. Muhammad Khawar Nawazish,,"Ex Tax:Rs 1,400.00"
Urdu Aur Aalmi Sahafat Ki Ak Nadir Tareekh,http://www.libertybooks.com/urdu-books/urdu-aur-aalmi-sahafat-ki-ak-nadir-tareekh-1000000008123?limit=100,By: Dr Tahir Masood,,"Ex Tax:Rs 1,100.00"
Urdu Aur Farsi Ke Rawabit,http://www.libertybooks.com/urdu-books/urdu-aur-farsi-ke-rawabit-1000000007556?limit=100,By: Dr.Attaullah Khan,,Ex Tax:Rs 500.00
Urdu Ke Afsanvi Adab Mai Nasai Lab o Lehja,http://www.libertybooks.com/urdu-books/urdu-ke-afsanvi-adab-mai-nasai-lab-o-lehja-1000000005342?limit=100,By: Dr.Nuzhat Abbasi,,Ex Tax:Rs 700.00
Urdu Ke Zarb Ul Misl Ashaar ,http://www.libertybooks.com/urdu-books/urdu-ke-zarb-ul-misl-ashaar-9789695620892?limit=100,By: Shamsul haq Usmani,,Ex Tax:Rs 800.00
Urdu Ki Adbi Tareekhe,http://www.libertybooks.com/urdu-books/urdu-ki-adbi-tareekhe-1000000005337?limit=100,By: Gayan C Jan,,"Ex Tax:Rs 1,500.00"
Urdu Lughat,http://www.libertybooks.com/urdu-books/urdu-lughat-1000000001099?limit=100,By: Dr Bibi Ameena,,Ex Tax:Rs 425.00
URDU MAZAMEEN ,http://www.libertybooks.com/urdu-books/urdu-mazameen-9789693532791?limit=100,By: RAJA ISHAQ,,Ex Tax:Rs 700.00
Urdu Nasar Mai Mazah Nagari,http://www.libertybooks.com/urdu-books/urdu-nasar-mai-mazah-nagari-1000000007553?limit=100,By: Rauf Parekh,,"Ex Tax:Rs 1,400.00"
Urdu Novel Aur Muhajareen Ke Masayel ,http://www.libertybooks.com/urdu-books/urdu-novel-aur-muhajareen-ke-masayel-1000000001399?limit=100,By: Dr Abida Naseem,,Ex Tax:Rs 500.00
Urdu Qoumi Aur Pakistan,http://www.libertybooks.com/urdu-books/urdu-qoumi-aur-pakistan-1000000001799?limit=100,By: Dr Farman Fateh Puri,,Ex Tax:Rs 300.00
Urdu Shaairey Ka Difa,http://www.libertybooks.com/urdu-books/urdu-shaairey-ka-difa-1000000001299?limit=100,By: ALI ABBAS,,Ex Tax:Rs 600.00
Urdu Shayera Ke Tazkarey Aur Tazkara Nigarai,http://www.libertybooks.com/urdu-books/urdu-shayera-ke-tazkarey-aur-tazkara-nigarai-1000000005346?limit=100,By: Dr Farman Fateh Puri,,Ex Tax:Rs 760.00
Urti Patang - (PB),http://www.libertybooks.com/urdu-books/urti-patang-pb-9698556257?limit=100,By: Amra Alam,,Ex Tax:Rs 195.00
USMAN GHAZI,http://www.libertybooks.com/urdu-books/usman-ghazi-9789690024397?limit=100,By: Javaid Ersen,,Ex Tax:Rs 695.00
Vietnam Tere Naam - Hardcover,http://www.libertybooks.com/urdu-books/vietnam-tere-naam-hardcover?limit=100,By: Mustansar Husain Tarar,,Ex Tax:Rs 700.00
Virani-e-dil-o-duniya,http://www.libertybooks.com/urdu-books/virani-e-dil-o-duniya-9697985104?limit=100,By: Anees Haroon,,Ex Tax:Rs 500.00
Waaledain,http://www.libertybooks.com/urdu-books/waaledain-9789960500348?limit=100,By: Abdul Malik Mujahid,,"Ex Tax:Rs 1,650.00"
Waba Kay Us Paar Zindagi,http://www.libertybooks.com/urdu-books/waba-kay-us-paar-zindagi-9789693534009?limit=100,By: RAFAQAT JAVAID,,"Ex Tax:Rs 1,050.00"
Walking the Divide - A Tale of a Journey Home :,http://www.libertybooks.com/urdu-books?product_id=109994&limit=100,By: Halima Khan,,Ex Tax:Rs 800.00
Wawlaga Se Gangaa,http://www.libertybooks.com/urdu-books/wawlaga-se-gangaa-9769692317366?limit=100,By: Rahul Singh,,"Ex Tax:Rs 1,000.00"
Wazir Agha Ke Tanqeedi Rawayye,http://www.libertybooks.com/urdu-books/wazir-agha-ke-tanqeedi-rawayye-9789696520269?limit=100,By: MUHAMMAD RAFI AZHAR,,Ex Tax:Rs 262.50
WORLD CIVILIZATION ALLMI TEHZEEBIYOON KI DASTAN,http://www.libertybooks.com/urdu-books/world-civilization-allmi-tehzeebiyoon-ki-dastan-9789694796079?limit=100,By: Edward McNall Burns,,"Ex Tax:Rs 1,000.00"
Wurood e Masud,http://www.libertybooks.com/urdu-books/wurood-e-masud-9789696622277?limit=100,By: Masud Hussain khan,,Ex Tax:Rs 675.00
Yaad Ki Barishein,http://www.libertybooks.com/urdu-books/yaad-ki-barishein-1000000001036?limit=100,By: Fatima Hassan,,Ex Tax:Rs 262.50
Yaad Ki RehGuzar,http://www.libertybooks.com/urdu-books/yaad-ki-rehguzar-978969419024x?limit=100,By: shaukat kaifi,,Ex Tax:Rs 637.50
Yaadon Ki Baraat,http://www.libertybooks.com/urdu-books/yaadon-ki-baraat-1000000011166?limit=100,By: Josh Malihabadi,,"Ex Tax:Rs 1,200.00"
Yaadon Ki Rah Guzar,http://www.libertybooks.com/urdu-books/yaadon-ki-rah-guzar-1000000010079?limit=100,By: fehmida maqbool,,Ex Tax:Rs 225.00
Yaani,http://www.libertybooks.com/urdu-books/yaani-1000000001428?limit=100,By: Jaun Elia,,Ex Tax:Rs 500.00
Yadgaar E Ghalib,http://www.libertybooks.com/urdu-books/yadgaar-e-ghalib-1000000004503?limit=100,By: Altaf Hussain Hali,,Ex Tax:Rs 700.00
Yadgar Shaksiyate - (HB),http://www.libertybooks.com/urdu-books/yadgar-shaksiyate-(hb)?limit=100,By: Jawaharlal Nehru,,Ex Tax:Rs 800.00
Yadoon ki Basti,http://www.libertybooks.com/urdu-books/yadoon-ki-basti-9789696012641?limit=100,By: Rashid Ashraf,,Ex Tax:Rs 690.00
Yahan Wahan Kahan ,http://www.libertybooks.com/urdu-books/yahan-wahan-kahan-9789695501658?limit=100,By: Amra Alam,,Ex Tax:Rs 170.00
Yahoodi Siyasat (Maazi Say Haal Tek),http://www.libertybooks.com/urdu-books/yahoodi-siyasat-maazi-say-haal-tek-1000000095968?limit=100,By: Raziuddin Syed,,Ex Tax:Rs 500.00
Yazeed,http://www.libertybooks.com/urdu-books/yazeed-9789693520965?limit=100,By: Saadat Hasan Manto,,Ex Tax:Rs 600.00
Yazeed,http://www.libertybooks.com/urdu-books/yazeed-9789696401094?limit=100,By: Saadat Hassan Manto,,Ex Tax:Rs 300.00
Ye Ghazi Ye Tery Purisrar Banddy Shujaat Ki Kahani Mitho Ki Zubani,http://www.libertybooks.com/urdu-books/ye-ghazi-ye-tery-purisrar-banddy-shujaat-ki-kahani-mitho-ki-zubani-9789692339421?limit=100,By: Shujaat Latif,,"Ex Tax:Rs 1,500.00"
YEH MAH O SAAL YEH UMRAIN,http://www.libertybooks.com/urdu-books/yeh-mah-o-saal-yeh-umrain?limit=100,By: Uffaq Dehelvi,,Ex Tax:Rs 200.00
Yeh Teray Pur Israr Banday -,http://www.libertybooks.com/urdu-books/yeh-teray-pur-israr-banday-9789699396434?limit=100,By: Syed Zeeshan Nizami,,Ex Tax:Rs 360.00
Zair e Aasman - (HB),http://www.libertybooks.com/urdu-books/zair-e-aasman-(hb)?limit=100,By: Shahid Siddiqui,,Ex Tax:Rs 600.00
Zair Labbi,http://www.libertybooks.com/urdu-books/zair-labbi-9789693527636?limit=100,By: Abdaal Baila,,Ex Tax:Rs 450.00
Zaitoon,http://www.libertybooks.com/urdu-books/zaitoon-9789693502091?limit=100,By: Kishwar Naheed,,Ex Tax:Rs 800.00
ZAKAT AND USHR,http://www.libertybooks.com/urdu-books?product_id=110245&limit=100,By: ABDUR RAHMAN SHAD,,Ex Tax:Rs 150.00
ZANGAAR,http://www.libertybooks.com/urdu-books/zangaar-9789696623151?limit=100,By: AAMIR KHAKWANI,,Ex Tax:Rs 675.00
Zara Muskura Mere Gumshuda,http://www.libertybooks.com/urdu-books/zara-muskura-mere-gumshuda-9789696100263?limit=100,By: Fakhira Gul,,"Ex Tax:Rs 1,500.00"
Zard mausam ki yaddasht,http://www.libertybooks.com/urdu-books/zard-mausam-ki-yaddasht-9789697865024?limit=100,By: Arshad Rizvi ,,Ex Tax:Rs 800.00
Zard Patton Ki Shawl,http://www.libertybooks.com/urdu-books/zard-patton-ki-shawl-9789696621638?limit=100,By: Naseer Ahmed Nasir,,Ex Tax:Rs 600.00
Zarri Bano : Ishq Ki Dastan,http://www.libertybooks.com/urdu-books/zarri-bano-ishq-ki-dastan-9789795161807?limit=100,By: Qaisra Shahraz,,Ex Tax:Rs 495.00
Zehar Ka Pyala: Maut Ka Taaqub (Book 7) ,http://www.libertybooks.com/urdu-books/zehar-ka-pyala:-maut-ka-taaqub-(book-7)?limit=100,By: A Hameed,,Ex Tax:Rs 199.00
ZERO POINT-2 (hb),http://www.libertybooks.com/urdu-books/zero-point-2-(hb)?limit=100,By: Javeed Chaudhry,,"Ex Tax:Rs 1,000.00"
ZERO POINT-4  (HB),http://www.libertybooks.com/urdu-books/zero-point-4-(hb)?limit=100,By: Javeed Chaudhry,,Ex Tax:Rs 680.00
Zinda Iqbal,http://www.libertybooks.com/urdu-books?product_id=110025&limit=100,By: Qaiyum Nizami,,"Ex Tax:Rs 1,000.00"
Zindagi,http://www.libertybooks.com/urdu-books/zindagi-1000000010000?limit=100,By: Chaudhry Afzal Haq,,Ex Tax:Rs 250.00
Zindagi Ak Naghma Ak Raks,http://www.libertybooks.com/urdu-books/zindagi-ak-naghma-ak-raks-1000000009011?limit=100,By: Osho,,Ex Tax:Rs 600.00
Zindagi Ka Aghaz Kesa Hua ?,http://www.libertybooks.com/urdu-books/zindagi-ka-aghaz-kesa-hua-9789696011675?limit=100,By: Ajaz Ahmed,,Ex Tax:Rs 300.00
حاصل (Hasil),http://www.libertybooks.com/urdu-books/حاصل-hasil?limit=100,By: Umera Ahmad,,Ex Tax:Rs 400.00
نادار لوگ - ناول,http://www.libertybooks.com/urdu-books/نادار-لوگ-ناول-9693506707?limit=100,By: Abdullah Hussain,,"Ex Tax:Rs 1,350.00"
